Year,Ranking,Song,Album,Artist 1,Artist 2,Artist 3,Artist 4,Artist 5,Artist 6,Kevin,Approx Genre
2016,1,Paper Hearts,Foreword,Tori Kelly,,,,,,1,Love
2016,2,Battlefield,Battlefield,Jordin Sparks,,,,,,2,Pop
2016,3,Know Yourself,If You're Reading This It's Too Late,Drake,,,,,,3,Rap
2016,4,Love Me Harder,Me Everything (Deluxe),Ariana Grande,The Weeknd,,,,,4,Pop
2016,5,Hollow,Unbreakable Smile,Tori Kelly,,,,,,5,Love
2016,6,Far Away,All The Right Reasons (Special Edition),Nickelback,,,,,,6,Rock
2016,7,Jumpman,What A Time To Be Alive,Drake,Future,,,,,7,Rap
2016,8,Starting Over (feat. Ben Bridwell),The Heist,Macklemore & Ryan Lewis,Ben Bridwell,,,,,8,Rap
2016,9,Fight Night,No Label II,Migos,,,,,,9,Rap
2016,10,Live Your Life - feat. Rihanna,Paper Trail,T.I.,Rihanna,,,,,10,Pop
2016,11,Animal,Habits,Neon Trees,,,,,,11,Pop
2016,12,Don't Let Me Down,Don't Let Me Down,The Chainsmokers,Daya,,,,,12,Pop
2016,13,The Funeral,Everything All The Time,Band of Horses,,,,,,13,Pop
2016,14,Love Love Love,Love Love Love,Avalanche City,,,,,,14,Love
2016,15,Runaway,Runaway,Ziggy Alberts,,,,,,15,Alternative
2016,16,A Thousand Years,A Thousand Years,Christina Perri,,,,,,16,Pop
2016,17,What About Now,Daughtry (Deluxe Edition),Daughtry,,,,,,17,Rock
2016,18,Should've Been Us,Unbreakable Smile,Tori Kelly,,,,,,18,Love
2016,19,Wasted,MKTO,MKTO,,,,,,19,Pop
2016,20,Cough Syrup,Young the Giant (Special Edition),Young the Giant,,,,,,20,Alternative
2016,21,Cool Kids,Talking Dreams (Deluxe Version),Echosmith,,,,,,21,Pop
2016,22,White Iverson,White Iverson,Post Malone,,,,,,22,Rap
2016,23,Me And My Broken Heart,Let The Road,Rixton,,,,,,23,Love
2016,24,"Too Little, Too Late",The High Road,JoJo,,,,,,24,Pop
2016,25,How To Love,Tha Carter IV (Deluxe),Lil Wayne,,,,,,25,Rap
2016,26,Headlines,Take Care (Deluxe),Drake,,,,,,26,Rap
2016,27,Come Home,Dreaming Out Loud,OneRepublic,,,,,,27,Alternative
2016,28,Talk,Gravity,Against The Current,,,,,,28,Pop
2016,29,Catch My Breath,"Alex Goot & Friends, Vol. 2",Alex Goot,ATC,,,,,29,Pop
2016,30,Break Free,My Everything (Deluxe),Ariana Grande,Zedd,,,,,30,Pop
2016,31,Sweater Weather,I'm Sorry…,The Neighbourhood,,,,,,31,Alternative
2016,32,Here Without You,Away From The Sun,3 Doors Down,,,,,,32,Alternative
2016,33,Trophies,Trophies,Young Money,Drake,,,,,33,Rap
2016,34,The Fighter - feat. Ryan Tedder,The Papercut Chronicles II,Gym Class Heroes,,,,,,34,Pop
2016,35,Tapout,Tapout,Rich Gang,Lil Wayne,Birdman,Mack Maine,Nicki Minaj,Future,35,Rap
2016,36,Lights Down Low,Lights Down Low (Main Version),Maejor,Waka Flocka Flame,,,,,36,Rap
2016,37,Mad,Year Of The Gentleman (Bonus Track Edition),Ne-Yo,,,,,,37,Rap
2016,38,Slum Anthem,Slum Anthem,K CAMP,,,,,,38,Rap
2016,39,Not Over You,"Alex Goot & Friends, Vol. 2",Alex Goot,ATC,,,,,39,Pop
2016,40,Need You Now,Need You Now,Lady A,,,,,,40,Country
2016,41,Falling Slow,Unbreakable Smile,Tori Kelly,,,,,,41,Love
2016,42,The Stand,The Stand,Hillsong Young & Free,,,,,,42,Worship
2016,43,Somewhere Only We Know,The Best of Keane (Deluxe Edition),Keane,,,,,,43,Alternative
2016,44,0 To 100 / The Catch Up,0 To 100 / The Catch Up,Drake,,,,,,44,Rap
2016,45,Kiss Me Slowly,The Way It Was,Parachute,,,,,,45,Love
2016,46,Beauty And A Beat,"Alex Goot & Friends, Vol. 3",Alex Goot,ATC,Kurt Hugo Schneider,,,,46,Pop
2016,47,Fall For You,A Twist In My Story,Secondhand Serenade,,,,,,47,Love
2016,48,Up,Up,Olly Murs,Demi Lovato,,,,,48,Pop
2016,49,Follow Through,Chariot - Stripped,Gavin DeGraw,,,,,,49,Alternative
2016,50,See You Again,See You Again,Against The Current,,,,,,50,Pop
2016,51,Right Back Where We Started From,Lost Hits Of The 70s (All Original Artists & Versions),Maxine Nightingale,,,,,,51,Pop
2016,52,Dear No One,Foreword,Tori Kelly,,,,,,52,Love
2016,53,Damaged,Welcome To The Dollhouse,Danity Kane,,,,,,53,Pop
2016,54,Someone Like You,21,Adele,,,,,,54,Love
2016,55,Thinking Out Loud,x (Deluxe Edition),Ed Sheeran,,,,,,55,Pop
2016,56,All Too Well,All Too Well,ATC,,,,,,56,Pop
2016,57,You Are The Music In Me,High School Musical 2 (Original Soundtrack),Troy,Gabriella,Disney,,,,57,Love
2016,58,Just A Picture,Just A Picture,KYLE,Kehlani,,,,,58,Pop
2016,59,Started From The Bottom,Nothing Was The Same (Deluxe),Drake,,,,,,59,Rap
2016,60,Give Your Heart a Break,Unbroken,Demi Lovato,,,,,,60,Love
2016,61,Cigarette Daydreams,Melophobia,Cage The Elephant,,,,,,61,Alternative
2016,62,Kids,Oracular Spectacular,MGMT,,,,,,62,Pop
2016,63,How He Loves,Church Music,David Crowder Band,,,,,,63,Worship
2016,64,The Heart Wants What It Wants,For You,Selena Gomez,,,,,,64,Pop
2016,65,Donald Trump,Donald Trump - Single,Mac Miller,,,,,,65,Country
2016,66,Daydream,Foreword,Tori Kelly,,,,,,66,Love
2016,67,"Bitch, Don't Kill My Vibe","good kid, m.A.A.d city",Kendrick Lamar,,,,,,67,Rap
2016,68,Red,Red,Against The Current,,,,,,68,Pop
2016,69,Counting Stars,Native,OneRepublic,,,,,,69,Alternative
2016,70,Often,Beauty Behind The Madness,The Weeknd,,,,,,70,Pop
2016,71,I Don't Want to Be,Chariot - Stripped,Gavin DeGraw,,,,,,71,Alternative
2016,72,Pompeii,Bad Blood,Bastille,,,,,,72,Alternative
2016,73,Collect Call,Fantasies,Metric,,,,,,73,Alternative
2016,74,Right Above It,I Am Not A Human Being,Lil Wayne,Drake,,,,,74,Rap
2016,75,Give Me Faith,Kingdom Come,Elevation Worship,,,,,,75,Worship
2016,76,Let's Go - feat. TobyMac,Outta Space Love,Group 1 Crew,,,,,,76,Worship
2016,77,The Lovers Are Losing,Perfect Symmetry,Keane,,,,,,77,Alternative
2016,78,In The Name of Love,In The Name of Love,Martin Garrix,Bebe Rexha,,,,,78,Pop
2016,79,Giving My Life,"Humanity, Vol. I",I-Exist,,,,,,79,Alternative
2016,80,Raging Fire,Raging Fire,Phillip Phillips,,,,,,80,Alternative
2016,81,Waving Flag - Power Remix,Waving Flag - Single,Chani,,,,,,81,Rap
2016,82,Got Money,Tha Carter III,Lil Wayne,T-Pain,,,,,82,Rap
2016,83,Moonlight,Inspire - EP,Rameses B,,,,,,83,Alternative
2016,84,No Faith in Brooklyn (feat. Jhameel),All American,Hoodie Allen,Jhameel,,,,,84,Pop
2016,85,The Haters,Success and Failure & Prince of the South 2 (Deluxe Version),Chingy,,,,,,85,Rap
2016,86,Dirt,Dirt,Florida Georgia Line,,,,,,86,Country
2016,87,Play It Again,Crash My Party,Luke Bryan,,,,,,87,Country
2016,88,Story Of My Life,Midnight Memories (Deluce),One Direction,,,,,,88,Pop
2016,89,Safe And Sound,In A Tidal Wave Of Mystery (Deluxe Edition),Capital Cities,,,,,,89,Alternative
2016,90,Crush,David Archuleta,David Archuleta,,,,,,90,Pop
2016,91,Love Me Like You Mean It,The First Time,Kelsea Ballerini,,,,,,91,Pop
2016,92,She Will Be Loved (feat. Tiffany Alvord),"Cover Collaborations, Vol. 1",Boyce Avenue,Tiffany Alvord,,,,,92,Pop
2016,93,No Interruption,All American,Hoodie Allen,,,,,,93,Pop
2016,94,Team,Pure Heroine,Lorde,,,,,,94,Pop
2016,95,Impossible - Main,No Gravity,Shontelle,,,,,,95,Pop
2016,96,Find You,"Alex Goot & Friends, Vol. 4",Alex Goot,ATC,,,,,96,Pop
2016,97,Wasteland,Wasteland,Against The Current,,,,,,97,Pop
2016,98,Fall Back,The Proven Theory,YONAS,,,,,,98,Rap
2016,99,Don't You Wanna Stay,My Kinda Party,Jason Aldean,Kelly Clarkson,,,,,99,Country
2016,100,Eye of the Needle,1000 Forms Of Fear (Deluxe Version),Sia,,,,,,100,Pop
2016,101,All These Things That I've Done,Hot Fuss,The Killers,,,,,,101,Alternative
2017,1,Lonely Love Song,Spectacular! (Music from the Nickelodeon Original Movie),Spectacular! Cast,,,,,,102,Love
2017,2,All About Us,My Forever,He Is We,Owl City,,,,,103,Love
2017,3,Give Me Faith,Kingdom Come,Elevation Worship,,,,,,104,Worship
2017,4,Only Just A Call Away,Everybody Wants,The Struts,,,,,,105,Pop
2017,5,Your Love Changes Everything (Live) [feat. Brock Human],Simple Gospel (Live),United Pursuit,Brock Human,,,,,106,Worship
2017,6,You Better Believe,a girl a bottle a boat,Train,,,,,,107,Alternative
2017,7,I Will Follow,The Rock Won't Move,Vertical Worship,,,,,,108,Worship
2017,8,The Heart Of Worship,Sing Like Never Before: The Essential Collection,Matt Redman,,,,,,109,Worship
2017,9,Sweater Weather,I'm Sorry…,The Neighbourhood,,,,,,110,Alternative
2017,10,Heartbeat Song,Piece By Piece (Deluxe Version),Kelly Clarkson,,,,,,111,Pop
2017,11,Far Away,All The Right Reasons (Special Edition),Nickelback,,,,,,112,Rock
2017,12,Starving,Starving,Hailee Steinfeld,,,,,,113,Love
2017,13,Bad Romance,Sing On,On The Rocks,,,,,,114,Pop
2017,14,All Things New,For The Honor,Elevation Worship,,,,,,115,Worship
2017,15,The Good Part,The Click,AJR,,,,,,116,Pop
2017,16,Pompeii,Pompeii,Josh Golden,Savannah Outen,,,,,117,Alternative
2017,17,Never Going Back (Live) [feat. Brock Human],Simple Gospel (Live),United Pursuit,Brock Human,,,,,118,Worship
2017,18,Symphony (feat. Zara Larsson),Symphony (feat. Zara Larsson),Clean Bandit,Zara Larsson,,,,,119,Pop
2017,19,"i hate u, i love u (feat. olivia o'brien)",us,gnash,Olivia O'Brien,,,,,120,Pop
2017,20,Sweater Weather,Sweater Weather,Kurt Hugo Schneider,Alyson Stoner,MAX,,,,121,Pop
2017,21,Fallin' For You,Breakthrough (Deluxe Edition),Colbie Caillat,,,,,,122,Pop
2017,22,Wake - Studio Version,We Are Young & Free (Live),Hillsong Young & Free,,,,,,123,Worship
2017,23,Lovesick,Why?,Jacob Whitesides,,,,,,124,Pop
2017,24,Find You - Acoustic - Live In Los Angeles,Find You (Acoustic - Live In Los Angeles),Zedd,Matthew Koma,Miriam Bryant,,,,125,Pop
2017,25,Only King Forever,Only King Forever,Elevation Worship,,,,,,126,Worship
2017,26,No Faith in Brooklyn (feat. Jhameel),All American,Hoodie Allen,Jhameel,,,,,127,Pop
2017,27,Kiss Me Slowly,The Way It Was,Parachute,,,,,,128,Love
2017,28,Simple Gospel (Live),Simple Gospel (Live),United Pursuit,,,,,,129,Worship
2017,29,Whatever It Takes,Who We Are (All Partners Version),Lifehouse,,,,,,130,Alternative
2017,30,Unbelievable,Mobile Orchestra,Owl City,Hanson,,,,,131,Pop
2017,31,What the Hell,Goodbye Lullaby,Avril Lavigne,,,,,,132,Pop
2017,32,The Glories of Calvary,30: Three Decades of Songs for the Church,Sovereign Grace Music,Norton Hall,,,,,133,Worship
2017,33,Don't Let Me Down,Don't Let Me Down,Joy Williams,,,,,,134,Alternative
2017,34,What A Beautiful Name,What A Beautiful Name,Hillsong Worship,,,,,,135,Worship
2017,35,Play That Song,a girl a bottle a boat,Train,,,,,,136,Alternative
2017,36,Things We Do For Love,Spectacular! (Music from the Nickelodeon Original Movie),Spectacular! Cast,,,,,,137,Love
2017,37,First Time,Who We Are (All Partners Version),Lifehouse,,,,,,138,Alternative
2017,38,You Found Me,The Fray,The Fray,,,,,,139,Alternative
2017,39,Here Without You,Away From The Sun,3 Doors Down,,,,,,140,Alternative
2017,40,The Stand,The Stand,Hillsong Young & Free,,,,,,141,Worship
2017,41,You Make Me Brave (Live),You Make Me Brave (Live),Bethel Music,Amanda Cook,,,,,142,Worship
2017,42,All In,Smoke & Mirrows (Deluxe),Lifehouse,,,,,,143,Alternative
2017,43,Lost Me,The Transition (Deluxe),YONAS,,,,,,144,Rap
2017,44,50 Ways to Say Goodbye,California 37,Train,,,,,,145,Alternative
2017,45,Sparks Fly,Speak Now,Taylor Swift,,,,,,146,Pop
2017,46,Rush,Into The Rush,Aly & AJ,,,,,,147,Pop
2017,47,Messiah / You're Beautiful,Cannons,Phil Wickham,,,,,,148,Worship
2017,48,You & I,Only The Lonely,Colony House,,,,,,149,Alternative
2017,49,Let Her Go (feat. Hannah Trigwell),"Cover Collaborations, Vol. 3",Boyce Avenue,Hannah Trigwell,,,,,150,Pop
2017,50,Heartbreak Girl,5 Seconds of Summer,5 Seconds of Summer,,,,,,151,Pop
2017,51,Set a Fire,Endless Years,Will Reagan,United Pursuit,,,,,152,Worship
2017,52,Great I Am,Breathe In,Phillips,Craig & Dean,,,,,153,Worship
2017,53,Flexicution,Bobby Tarantino,Logic,,,,,,154,Rap
2017,54,Lost and Found,a girl a bottle a boat,Train,,,,,,155,Alternative
2017,55,How to Save a Life,00s Covers,Chris Pomeroy,,,,,,156,Pop
2017,56,Unbelievable,Instigator,Kaci Brown,,,,,,157,Pop
2017,57,Since U Been Gone,Breakaway,Kelly Clarkson,,,,,,158,Pop
2017,58,Little Wonders,Little Wonders,Rob Thomas,,,,,,159,Alternative
2017,59,On The Wings Of A Dream,Spectacular! (Music from the Nickelodeon Original Movie),Spectacular! Cast,,,,,,160,Love
2017,60,What About Now,Daughtry (Deluxe Edition),Daughtry,,,,,,161,Rock
2017,61,Everyday,High School Musical 2 (Original Soundtrack),Troy,Gabriella,Disney,,,,162,Love
2017,62,How To Love,Tha Carter IV (Deluxe),Lil Wayne,,,,,,163,Rap
2017,63,This Is My Father's World,Hymns,Mark Schultz,,,,,,164,Worship
2017,64,Cocoon,The Balcony,Catfish and the Bottlemen,,,,,,165,Alternative
2017,65,Cough Syrup,Young the Giant (Special Edition),Young the Giant,,,,,,166,Alternative
2017,66,Love Me Harder,My Everything (Deluxe),Ariana Grande,The Weeknd,,,,,167,Pop
2017,67,You And Me,Lifehouse,Lifehouse,,,,,,168,Alternative
2017,68,Shake It Off,Shake It Off,Alex G,Alyson Stoner,,,,,169,Pop
2017,69,BE HERE LONG,H A R D L O V E,NEEDTOBREATHE,,,,,,170,Alternative
2017,70,Come Home,Dreaming Out Loud,OneRepublic,,,,,,171,Alternative
2017,71,Chemicals React Remix,Insomniatic,Aly & AJ,,,,,,172,Pop
2017,72,Starboy,Starboy,The Weeknd,Daft Punk,,,,,173,Pop
2017,73,The Funeral,Everything All The Time,Band of Horses,,,,,,174,Pop
2017,74,Find You,Find You,Zedd,Matthew Koma,Miriam Bryant,,,,175,Pop
2017,75,Wasted,MKTO,MKTO,,,,,,176,Pop
2017,76,Glory,The Ascension,Phil Wickham,,,,,,177,Worship
2017,77,Fresh Eyes,Fresh Eyes,Andy Grammer,,,,,,178,Pop
2017,78,Hush Hush; Hush Hush - Main,Hush Hush; Hush Hush,The Pussycat Dolls,,,,,,179,Pop
2017,79,Take It Easy - Eagles 2013 Remaster,Eagles (Remastered),Eagles,,,,,,180,Rock
2017,80,21,21,Hunter Hayes,,,,,,181,Country
2017,81,Love Is On Its Way - The 3D Concert Experience,Music from the 3D Concert Experience,Jonas Brothers,,,,,,182,Pop
2017,82,Someone Like You,21,Adele,,,,,,183,Love
2017,83,Red,Red,Against The Current,,,,,,184,Pop
2017,84,Love Song,Little Voice,Sara Bareilles,,,,,,185,Love
2017,85,Now Or Never - Original Version,High School Musical 3: Senior Year,High School Musical Cast,,,,,,186,Pop
2017,86,I Was Made For Loving You,Unbreakable Smile,Tori Kelly,Ed Sheeran,,,,,187,Love
2017,87,Eye of the Needle,1000 Forms Of Fear (Deluxe Version),Sia,,,,,,188,Pop
2017,88,Rockabye (feat. Sean Paul & Anne-Marie),Rockabye (feat. Sean Paul & Anne-Marie),Clean Bandit,Sean Paul,Anne-Marie,,,,189,Pop
2017,89,Paper Hearts,Foreword,Tori Kelly,,,,,,190,Love
2017,90,How to Save a Life,How To Save A Life,The Fray,,,,,,191,Alternative
2017,91,Say You Won't Let Go,Back from the Edge,James Arthur,,,,,,192,Love
2017,92,I Hate This Part,Doll Domination,The Pussycat Dolls,,,,,,193,Pop
2017,93,Let Her Go,All the Little Lights,Passenger,,,,,,194,Alternative
2017,94,Over My Head (Cable Car),How To Save A Life,The Fray,,,,,,195,Alternative
2017,95,Forever & Always,Fearless,Taylor Swift,,,,,,196,Pop
2017,96,Mr. Jones,August And Everything After,Counting Crows,,,,,,197,Alternative
2017,97,Scandal of Grace,Zion,Hillsong UNITED,,,,,,198,Worship
2017,98,Safe And Sound,In A Tidal Wave Of Mystery (Deluxe Edition),Capital Cities,,,,,,199,Alternative
2017,99,Sinking Deep,This Is Living,Hillsong Young & Free,,,,,,200,Worship
2017,100,Good Life,Waking Up (Deluxe),OneRepublic,,,,,,201,Alternative
2018,1,Dreams and Nightmares,Dreams and Nightmares (Deluxe Version),Meek Mill,,,,,,202,Rap
2018,2,Lovebug,A Little Bit Longer,Jonas Brothers,,,,,,203,Pop
2018,3,Switch Lanes,Hotel California (Deluxe Version),Tyga,The Game,,,,,204,Rap
2018,4,Hurts So Good,Astrid S,Astrid S,,,,,,205,Pop
2018,5,Get Her Tho (feat. Tyga),Get Her Tho (feat. Tyga) - Single,D-Lo,Tyga,,,,,206,Rap
2018,6,SICKO MODE,ASTROWORLD,Travis Scott,,,,,,207,Rap
2018,7,Happiness,Talking Pictures,Tyler Kyte,,,,,,208,Alternative
2018,8,Hearts On Fire,Hearts On Fire,Gavin James,,,,,,209,Alternative
2018,9,10 Bands,If You're Reading This It's Too Late,Drake,,,,,,210,Rap
2018,10,All The Stars (with SZA),Black Panther The Album Music From and Inspired By,Kendrick Lamar,SZA,,,,,211,Rap
2018,11,RGF Island,Fetty Wap (Deluxe),Fetty Wap,,,,,,212,Rap
2018,12,With That (feat. Duke),Barter 6,Young Thug,Duke,,,,,213,Rap
2018,13,Rambo,T R A P S O U L,Bryson Tiller,,,,,,214,Rap
2018,14,Found,I'll Be the Branches,Chris Renzema,,,,,,215,Worship
2018,15,All or Nothing,O-Town,O-Town,,,,,,216,Love
2018,16,Before the Storm (feat. Miley Cyrus),"Lines, Vines, and Trying Times",Jonas Brothers,Miley Cyrus,,,,,217,Pop
2018,17,Helicopter,Helicopter,TWRK,,,,,,218,EDM
2018,18,Never Say Never,The Fray,The Fray,,,,,,219,Alternative
2018,19,Dear God,Dear God,Hunter Hayes,,,,,,220,Country
2018,20,God's Plan,Scary Hours,Drake,,,,,,221,Rap
2018,21,Sky Walker (feat. Travis Scott),War & Leisure,Miguel,Travis Scott,,,,,222,Rap
2018,22,Burn - feat. Big Sean,Burn (feat. Big Sean),Meek Mill,Big Sean,,,,,223,Rap
2018,23,High Hopes,Pray For The Wicked,Panic! At The Disco,,,,,,224,Pop
2018,24,Model Homes,"We Are an Empire, My Dear",In-Flight Safety,,,,,,225,Alternative
2018,25,XO TOUR Llif3,Luv is Rage 2,Lil Uzi Vert,,,,,,226,Rap
2018,26,Man Of The Year,Man Of The Year,ScHoolboy Q,,,,,,227,Rap
2018,27,Evergreens,Future Memoirs,Allan Kingdom,,,,,,228,Rap
2018,28,Quarter Past Midnight,Quarter Past Midnight,Bastille,,,,,,229,Alternative
2018,29,All We Got,DWNR,Dem Atlas,,,,,,230,Rap
2018,30,Flexicution,Bobby Tarantino,Logic,,,,,,231,Rap
2018,31,6 Man,If You're Reading This It's Too Late,Drake,,,,,,232,Rap
2018,32,rockstar (feat. 21 Savage),beerbongs & bentleys,Post Malone,21 Savage,,,,,233,Rap
2018,33,Love Lies (with Normani),Love Lies (with Normani),Khalid,Normani,,,,,234,Pop
2018,34,Bobby Bitch,Bobby Bitch,Bobby Shmurda,,,,,,235,Rap
2018,35,1AM,My Krazy Life,YG,,,,,,236,Rap
2018,36,Where Will I Go,Raw,Hopsin,,,,,,237,Rap
2018,37,Somewhere Only We Know,The Best of Keane (Deluxe Edition),Keane,,,,,,238,Alternative
2018,38,Iris,Dizzy Up The Girl,The Goo Goo Dolls,,,,,,239,Alternative
2018,39,Break The Bank,Oxymoron (Deluxe),ScHoolboy Q,,,,,,240,Rap
2018,40,A Tale of 2 Citiez,2014 Forest Hills Drive,J. Cole,,,,,,241,Pop
2018,41,2 Soon,Not Thinking Bout 2morrow,Jon Young,,,,,,242,Pop
2018,42,Believe Me,Believe Me,Lil Wayne,Drake,,,,,243,Rap
2018,43,Digits,Slime Season 3,Young Thug,,,,,,244,Rap
2018,44,Perplexing Pegasus,Perplexing Pegasus,Rae Sremmurd,,,,,,245,Pop
2018,45,Bad For You (feat. Nicki Minaj),Dreams Worth More Than Money,Meek Mill,Nicki Minaj,,,,,246,Rap
2018,46,Brother (feat. Gavin DeGraw),Brother,NEEDTOBREATHE,Gavin DeGraw,,,,,247,Alternative
2018,47,Televised,Windows I,HUNNY,,,,,,248,Alternative
2018,48,Nocturnal Rainbows,Raw,Hopsin,,,,,,249,Rap
2018,49,Build My Life,Housefires III,Housefires,,,,,,250,Worship
2018,50,Crazy Brazy,Cozy Tapes: Vol. 1 Friends -,A$AP Mob,A$AP Rocky,A$AP Twelvyy,KEY,,,251,Rap
2018,51,1234,Only The Lonely,Colony House,,,,,,252,Alternative
2018,52,Love Is On Its Way - The 3D Concert Experience,Music from the 3D Concert Experience,Jonas Brothers,,,,,,253,Pop
2018,53,She Will,Tha Carter IV (Deluxe),Lil Wayne,,,,,,254,Rap
2018,54,Photograph,x (Deluxe Edition),Ed Sheeran,,,,,,255,Pop
2018,55,Rack City,Careless World: Rise Of The Last King,Tyga,,,,,,256,Rap
2018,56,All I Got,All I Got,Henderson,,,,,,257,Rap
2018,57,Lights Down Low,Lights Down Low (Main Version),Maejor,Waka Flocka Flame,,,,,258,Rap
2018,58,Cocoon,The Balcony,Catfish and the Bottlemen,,,,,,259,Alternative
2018,59,Collard Greens,Collard Greens,ScHoolboy Q,,,,,,260,Rap
2018,60,Handsome and Wealthy,No Label II,Migos,,,,,,261,Rap
2018,61,95 Till Infinity,Summer Knights,Joey Bada$$,,,,,,262,Rap
2018,62,Mercy,Mercy,Kanye West,Big Sean,Pusha T,2 Chainz,,,263,Rap
2018,63,This Could Be Us,SremmLife,Rae Sremmurd,,,,,,264,Pop
2018,64,No Complaints,No Complaints,Metro Boomin,Offset,Drake,,,,265,Rap
2018,65,Tapout,Rich Gang,Rich Gang,Lil Wayne,Birdman,Mack Maine,Nicki Minaj,Future,266,Rap
2018,66,Too Much To Ask,Flicker (Deluxe),Niall Horan,,,,,,267,Love
2018,67,Hold On,Jonas Brothers,Jonas Brothers,,,,,,268,Pop
2018,68,The Man Who Can't Be Moved,The Script,The Script,,,,,,269,Alternative
2018,69,Lips Of An Angel,Extreme Behavior,Hinder,,,,,,270,Rock
2018,70,OTW,OTW,Khalid,6LACK,Ty Dolla $ign,,,,271,Pop
2018,71,Tattoo,Jordin Sparks,Jordin Sparks,,,,,,272,Pop
2018,72,STAR,SATURATION,BROCKHAMPTON,,,,,,273,Rap
2018,73,goosebumps,Birds In The Trap Sing McKnight,Travis Scott,,,,,,274,Rap
2018,74,Just Imagine It,Bad Girls EP,MKTO,,,,,,275,Pop
2018,75,2 Bitches,2 Bitches,Young Thug,,,,,,276,Rap
2018,76,Right Above It,I Am Not A Human Being,Lil Wayne,Drake,,,,,277,Rap
2018,77,Hands On The Wheel,Hands On The Wheel,ScHoolboy Q,A$AP Rocky,,,,,278,Rap
2018,78,Love Story,Fearless,Taylor Swift,,,,,,279,Pop
2018,79,Fight Night,No Label II,Migos,,,,,,280,Rap
2018,80,Makes Me Wonder,It Won't Be Soon Before Long.,Maroon 5,,,,,,281,Pop
2018,81,Tremble (Studio Version),Unknown - EP,Mosaic MSC,,,,,,282,Worship
2018,82,Mad Love,Mad Love,Sean Paul,David Guetta,Becky G,,,,283,Pop
2018,83,Mail Long,Big Bossin Vol. 2,Payroll Giovanni & Cardo,E-40,,,,,284,Rap
2018,84,All In,Smoke & Mirrows (Deluxe),Lifehouse,,,,,,285,Alternative
2018,85,Bussin Juggs,"Hip Hop Early, Vol. 14",Gucci Mane,,,,,,286,Rap
2018,86,I'm So Sorry (feat. Young Thug),I'm So Sorry (feat. Young Thug),Spenzo,Young Thug,,,,,287,Rap
2018,87,Got Money,Tha Carter III,Lil Wayne,T-Pain,,,,,288,Rap
2018,88,Ill Mind of Hopsin 5,Ill Mind of Hopsin 5 - Single,Hopsin,,,,,,289,Rap
2018,89,Headlines,Take Care (Deluxe),Drake,,,,,,290,Rap
2018,90,HeadBand (feat. 2 Chainz),Underground Luxury,B.o.B,2 Chainz,,,,,291,Pop
2018,91,Pompeii,Pompeii,Josh Golden,Savannah Outen,,,,,292,Alternative
2018,92,The Middle,The Middle,Zedd,Maren Morris,Grey,,,,293,Pop
2018,93,Only Just A Call Away,Everybody Wants,The Struts,,,,,,294,Pop
2018,94,City In Silhouettes,The Golden Age of Knowhere,Funeral Party,,,,,,295,Alternative
2018,95,HUMBLE.,DAMN.,Kendrick Lamar,,,,,,296,Rap
2018,96,All Eyes On You (feat. Chris Brown & Nicki Minaj),Dreams Worth More Than Money,Meek Mill,Chris Brown,Nicki Minaj,,,,297,Rap
2018,97,Oten,Beauty Behind The Madness,The Weeknd,,,,,,298,Pop
2018,98,Live It Well,Where The Light Shines Through,Switchfoot,,,,,,299,Alternative
2018,99,679 (feat. Remy Boyz,679 (feat. Remy Boyz,Fetty Wap,Remy Boyz,,,,,300,Rap
2018,100,Energy,If You're Reading This It's Too Late,Drake,,,,,,301,Rap
2019,1,I Want To Love You,Lenachka,Lenachka,,,,,,302,Love
2019,2,Sit Next To Me,Sacred Hearts Club,Foster The People,,,,,,303,Pop
2019,3,I Don't Know About You,Laps Around The Sun,Chris Lane,,,,,,304,Country
2019,4,Stop And Stare,Dreaming Out Loud,OneRepublic,,,,,,305,Alternative
2019,5,Are You Gonna Kiss Me Or Not,Thompson Square,Thompson Square,,,,,,306,Country
2019,6,Today Was A Fairytale - US Version,Today Was A Fairytale,Taylor Swift,,,,,,307,Pop
2019,7,Never Say Never,The Fray,The Fray,,,,,,308,Alternative
2019,8,Another In The Fire - Live,People (Live),Hillsong UNITED,,,,,,309,Worship
2019,9,Lovebug,A Little Bit Longer,Jonas Brothers,,,,,,310,Pop
2019,10,Diamonds,Diamonds,Rihanna,,,,,,311,Pop
2019,11,Fierce - Studio Version,Fierce (Studio Version),Jesus Culture,Chris Quilala,,,,,312,Worship
2019,12,Dreams and Nightmares,Dreams and Nightmares (Deluxe Version),Meek Mill,,,,,,313,Rap
2019,13,Tunnel Vision,Painting Pictures,Kodak Black,,,,,,314,Rap
2019,14,I'm Listening - Live,Breakthrough (Live),Chris McClarney,Hollyn,,,,,315,Worship
2019,15,Without Me,Covers,Alec Chambers,,,,,,316,Love
2019,16,Who Knew,I'm Not Dead,P!nk,,,,,,317,Pop
2019,17,Hypnotized,Hypnotized,The Giving Moon,,,,,,318,Alternative
2019,18,A Drop In The Ocean,The Bedroom Demos,Ron Pope,,,,,,319,Love
2019,19,"Flashlight (Sweet Life Mix) - From ""Pitch Perfect 2"" Soundtrack",Pitch Perfect 2 - Special Edition (Original Motion Picture Soundtrack),Hailee Steinfeld,,,,,,320,Love
2019,20,Keanu Reeves,Keanu Reeves,Logic,,,,,,321,Rap
2019,21,10 Bands,If You're Reading This It's Too Late,Drake,,,,,,322,Rap
2019,22,Photograph,x (Deluxe Edition),Ed Sheeran,,,,,,323,Pop
2019,23,See You Again (feat. Kali Uchis),Flower Boy,"Tyler, The Creator",Kali Uchis,,,,,324,Rap
2019,24,Look After You,How To Save A Life,The Fray,,,,,,325,Alternative
2019,25,All The Stars (with SZA),Black Panther The Album Music From and Inspired By,Kendrick Lamar,SZA,,,,,326,Rap
2019,26,SICKO MODE,ASTROWORLD,Travis Scott,,,,,,327,Rap
2019,27,Swang,SremmLife 2 (Deluxe),Rae Sremmurd,,,,,,328,Pop
2019,28,You Found Me,The Fray,The Fray,,,,,,329,Alternative
2019,29,Even If,Lifer,MercyMe,,,,,,330,Worship
2019,30,Somewhere Only We Know,The Best of Keane (Deluxe Edition),Keane,,,,,,331,Alternative
2019,31,Cowboy,City of Ommz,Omar LinX,,,,,,332,Rap
2019,32,Switch Lanes,Hotel California (Deluxe Version),Tyga,The Game,,,,,333,Rap
2019,33,Headlines,Take Care (Deluxe),Drake,,,,,,334,Rap
2019,34,No Sleep (feat. Bonn),No Sleep (feat. Bonn),Martin Garrix,Bonn,,,,,335,Pop
2019,35,Hold On,Jonas Brothers,Jonas Brothers,,,,,,336,Pop
2019,36,XO TOUR Llif3,Luv is Rage 2,Lil Uzi Vert,,,,,,337,Rap
2019,37,Money In The Grave (Drake ft. Rick Ross),The Best In The World Pack,Drake,Rick Ross,,,,,338,Rap
2019,38,Realize,Coco,Colbie Caillat,,,,,,339,Pop
2019,39,Maker of the Heavens,Heaven,Mosaic MSC,,,,,,340,Worship
2019,40,Get Her Tho (feat. Tyga),Get Her Tho (feat. Tyga) - Single,D-Lo,Tyga,,,,,341,Rap
2019,41,Closer,For The Sake of the World,Bethel Music,Steffany Gretzinger,,,,,342,Worship
2019,42,Teardrops On My Guitar - Radio Single Remix,Taylor Swift (Big Machine Radio Release Special),Taylor Swift,,,,,,343,Pop
2019,43,Paris,Paris,The Chainsmokers,,,,,,344,Pop
2019,44,We Own It (Fast & Furious),Fast & Furious 6,2 Chainz,Wiz Khalifa,,,,,345,Rap
2019,45,This Is The Day,Response,Phil Wickham,,,,,,346,Worship
2019,46,Mess,Tha Carter V,Lil Wayne,,,,,,347,Rap
2019,47,Yes I Will,Bright Faith Bold Future,Vertical Worship,,,,,,348,Worship
2019,48,Make It Rain,"Me, Myself & I",Fat Joe,Lil Wayne,,,,,349,Rap
2019,49,Evergreens,Future Memoirs,Allan Kingdom,,,,,,350,Rap
2019,50,Let It Fly (feat. Travis Scott),Tha Carter V,Lil Wayne,Travis Scott,,,,,351,Rap
2019,51,Nocturnal Rainbows,Raw,Hopsin,,,,,,352,Rap
2019,52,Going Bad (feat. Drake),Championships,Meek Mill,Drake,,,,,353,Rap
2019,53,Lights Down Low,Lights Down Low (Main Version),Maejor,Waka Flocka Flame,,,,,354,Rap
2019,54,Famous (feat. Reginae Carter),Tha Carter V,Lil Wayne,Reginae Carter,,,,,355,Rap
2019,55,Overwhelmed,Love Come To Life: The Redeemed Version,Big Daddy Weave,,,,,,356,Worship
2019,56,Ill Mind of Hopsin 5,Ill Mind of Hopsin 5 - Single,Hopsin,,,,,,357,Rap
2019,57,Breathe,Everything is Changing,Jonny Diaz,,,,,,358,Alternative
2019,58,Believe Me,Believe Me,Lil Wayne,Drake,,,,,359,Rap
2019,59,Burn (feat. Big Sean),Burn (feat. Big Sean),Meek Mill,Big Sean,,,,,360,Rap
2019,60,Where Will I Go,Raw,Hopsin,,,,,,361,Rap
2019,61,Gibberish (feat. Hoodie Allen),Hell's Kitchen Angel,MAX,Hoodie Allen,,,,,362,Pop
2019,62,The Man Who Can't Be Moved,The Script,The Script,,,,,,363,Alternative
2019,63,Bang Bang,Bang Bang,Lawrence Taylor,,,,,,364,Alternative
2019,64,2 Soon,Not Thinking Bout 2morrow,Jon Young,,,,,,365,Pop
2019,65,Perplexing Pegasus - From SREMM,SR3MM,Rae Sremmurd,Swae Lee,Slim Jxmmi,,,,366,Pop
2019,66,Growing Pains,Growing Pains,Alessia Cara,,,,,,367,Pop
2019,67,Panda,Panda,Desiigner,,,,,,368,Rap
2019,68,Shark In The Water,Travelling Like The Light,V V Brown,,,,,,369,Pop
2019,69,Think It Over,Expectations,Wild Child,,,,,,370,Alternative
2019,70,She Will,Tha Carter IV (Deluxe),Lil Wayne,,,,,,371,Rap
2019,71,First Time,Who We Are (All Partners Version),Lifehouse,,,,,,372,Alternative
2019,72,"Work REMIX (feat. A$AP Rocky, French Montana, Trinidad James & ScHoolboy Q)",Trap Lord,A$AP Ferg,A$AP Rocky,French Montana,Trinidad James,ScHoolboy Q,,373,Rap
2019,73,Hands On The Wheel,Hands On The Wheel,ScHoolboy Q,A$AP Rocky,,,,,374,Rap
2019,74,Hills and Valleys (The Valleys Version),Hills and Valleys (Deluxe Edition),Tauren Wells,,,,,,375,Worship
2019,75,Right Above It,I Am Not A Human Being,Lil Wayne,Drake,,,,,376,Rap
2019,76,Bigg Dogg - Chicago,Bigg Dogg - Chicago,Chris (Gotti) Lorenzo,Mr. Whole Thang,Leoski,Rico Recklezz,P-Mac,,377,Rap
2019,77,Quarter Past Midnight,Quarter Past Midnight,Bastille,,,,,,378,Alternative
2019,78,All About Us,My Forever,He Is We,Owl City,,,,,379,Love
2019,79,Gonorrhea,I Am Not A Human Being,Lil Wayne,Drake,,,,,380,Rap
2019,80,Found,I'll Be the Branches,Chris Renzema,,,,,,381,Worship
2019,81,Lead Me To The Cross,All Of The Above,Hillsong UNITED,Brooke Ligertwood,,,,,382,Worship
2019,82,Rambo,T R A P S O U L,Bryson Tiller,,,,,,383,Rap
2019,83,Give Me Faith,Kingdom Come,Elevation Worship,,,,,,384,Worship
2019,84,Where Is The Love?,Elephunk,Black Eyed Peas,,,,,,385,Pop
2019,85,All These Things That I've Done,Hot Fuss,The Killers,,,,,,386,Alternative
2019,86,Buried In Detroit,"At Night, Alone.",Mike Posner,,,,,,387,Alternative
2019,87,God's Plan,Scorpion,Drake,,,,,,388,Rap
2019,88,Who Do You Love?,My Krazy Life,YG,Drake,,,,,389,Rap
2019,89,I Met You In The Summer,Faster Car,Loving Caliber,Mia Pfirrman,,,,,390,Pop
2019,90,No Limit,No Limit,G-Eazy,A$AP Rocky,Cardi B,,,,391,Rap
2019,91,IV. Sweatpants,Because the Internet,Childish Gambino,,,,,,392,Rap
2019,92,Haven't Seen It Yet,Haven't Seen It Yet,Danny Gokey,,,,,,393,Worship
2019,93,Everywhere,The Spirit Room,Michelle Branch,,,,,,394,Pop
2019,94,Without You,Without You,John Newman,Nina Nesbitt,,,,,395,Pop
2019,95,Build My Life,Housefires III,Housefires,,,,,,396,Worship
2019,96,Open Safe,Tha Carter V,Lil Wayne,,,,,,397,Rap
2019,97,Mr. Brightside,Hot Fuss,The Killers,,,,,,398,Alternative
2019,98,Dear God,Dear God,Hunter Hayes,,,,,,399,Country
2019,99,rockstar (feat. 21 Savage),beerbongs & bentleys,Post Malone,21 Savage,,,,,400,Rap
2019,100,Over,Thank Me Later,Drake,,,,,,401,Rap
2020,1,I Will Come To You,Middle Of Nowhere,Hanson,,,,,,402,Pop
2020,2,"10,000 Hours (with Justin Bieber)","10,000 Hours (with Justin Bieber)",Dan + Shay,Justin Bieber,,,,,403,Pop
2020,3,Life's A Mess (feat. Halsey),Legends Never Die,Juice WRLD,Halsey,,,,,404,Rap
2020,4,L'amour Toujours (Small Mix),L'amour Toujour,Gigi D'Agostino,,,,,,405,Pop
2020,5,7 Summers,7 Summers,Morgan Wallen,,,,,,406,Country
2020,6,Maker of the Heavens,Heaven,Mosaic MSC,,,,,,407,Worship
2020,7,Say (All I Need),Dreaming Out Loud,OneRepublic,,,,,,408,Alternative
2020,8,Too Good At Goodbyes,The Thrill Of It All (Special Edition),Sam Smith,,,,,,409,Love
2020,9,Weird,Middle Of Nowhere,Hanson,,,,,,410,Pop
2020,10,Boy With Luv (feat. Halsey),MAP OF THE SOUL : PERSONA,BTS,Halsey,,,,,411,Pop
2020,11,Famous For (I Believe),Citizen of Heaven,Tauren Wells,Jenn Johnson,,,,,412,Worship
2020,12,I Want To Love You,Lenachka,Lenachka,,,,,,413,Love
2020,13,Are You Gonna Kiss Me Or Not,Thompson Square,Thompson Square,,,,,,414,Country
2020,14,Ransom,We Love You Tecca,Lil Tecca,,,,,,415,Rap
2020,15,All for Me,All For Me,Swif7,,,,,,416,EDM
2020,16,Set Fire to the Rain,21,Adele,,,,,,417,Love
2020,17,Just Want You - Live,Awe + Wonder (Live),The Belonging Co,Sarah Reeves,,,,,418,Worship
2020,18,Fierce - Studio Version,Fierce (Studio Version),Jesus Culture,Chris Quilala,,,,,419,Worship
2020,19,I Hope You're Happy Now,Carly Pearce,Carly Pearce,Lee Brice,,,,,420,Country
2020,20,More Than My Hometown,More Than My Hometown,Morgan Wallen,,,,,,421,Country
2020,21,Set Fire to the Rain (Adele Cover),Obscure: La Deuxième,SYCARMOUR,,,,,,422,Love
2020,22,LA CANCIÓN,OASIS,J Balvin,Bad Bunny,,,,,423,Pop
2020,23,Don't Start Now,Don't Start Now,Dua Lipa,,,,,,424,Pop
2020,24,Secrets,Waking Up,OneRepublic,,,,,,425,Alternative
2020,25,Sit Next To Me,Sacred Hearts Club,Foster The People,,,,,,426,Pop
2020,26,I Don't Know About You,Laps Around The Sun,Chris Lane,,,,,,427,Country
2020,27,Gracious Tempest - Live,We Are Young & Free (Live),Hillsong Young & Free,,,,,,428,Worship
2020,28,Somewhere Only We Know,The Best of Keane (Deluxe Edition),Keane,,,,,,429,Alternative
2020,29,Sweet but Psycho,Heaven & Hell,Ava Max,,,,,,430,Pop
2020,30,Lovebug,A Little Bit Longer,Jonas Brothers,,,,,,431,Pop
2020,31,Without Me,Without Me,Halsey,,,,,,432,Pop
2020,32,Robbery,Death Race for Love,Juice WRLD,,,,,,433,Rap
2020,33,Phases,Phases,PRETTYMUCH,,,,,,434,Pop
2020,34,La La Land,Carnival,Bryce Vine,,,,,,435,Rap
2020,35,Without Me,Covers,Alec Chambers,,,,,,436,Love
2020,36,Photograph,x (Deluxe Edition),Ed Sheeran,,,,,,437,Pop
2020,37,I Believe I Can Fly,R.,R. Kelly,,,,,,438,Rap
2020,38,Your Love Never Fails,Revelation Songs,Jesus Culture,,,,,,439,Worship
2020,39,Waving Through A Window,Dear Evan Hansen (Original Broadcast Cast Recording),Ben Platt,Original Broadway Cast of Dear Evan Hansen,,,,,440,Pop
2020,40,Marvin Gaye (feat. Meghan Trainor),Some Type of Love,Charlie Puth,Meghan Trainor,,,,,441,Alternative
2020,41,death bed (coffee for your head),death bed (coffee for your head),Powfu,beabadoobee,,,,,442,Pop
2020,42,People Are Crazy,Little Bit of Everything,Billy Currington,,,,,,443,Country
2020,43,More Beautiful You,More Beautiful You,Jonny Diaz,,,,,,444,Alternative
2020,44,Today Was A Fairytale - US Version,Today Was A Fairytale,Taylor Swift,,,,,,445,Pop
2020,45,You Are The Music In Me,High School Musical 2 (Original Soundtrack),Troy,Gabriella,Disney,,,,446,Love
2020,46,Grace Alone,Grace Alone - EP,The Modern Post,,,,,,447,Worship
2020,47,Different,Difference,Micah Tyler,,,,,,448,Worship
2020,48,So Will I (100 Billion X),Wonder,Hillsong UNITED,Benjamin William Hastings,,,,,449,Worship
2020,49,Way Maker - Live,Better Word (Live),Leeland,,,,,,450,Worship
2020,50,Closer,For The Sake of the World,Bethel Music,Steffany Gretzinger,,,,,451,Worship
2020,51,The Butterfly Effect,"love, pain, & retrospect",Before You Exit,,,,,,452,Pop
2020,52,Even If,Lifer,MercyMe,,,,,,453,Worship
2020,53,Postcard From Paris,The Band Perry,The Band Perry,,,,,,454,Country
2020,54,I Don't Want to Be,Chariot - Stripped,Gavin DeGraw,,,,,,455,Alternative
2020,55,Without You,Without You,John Newman,Nina Nesbitt,,,,,456,Pop
2020,56,Some People Do,Old Dominion,Old Dominion,,,,,,457,Country
2020,57,Might Not Give Up (feat. Young Thug),Artist 2.0,A Boogie Wit da Hoodie,Young Thug,,,,,458,Rap
2020,58,Overwhelmed,Love Come To Life: The Redeemed Version,Big Daddy Weave,,,,,,459,Worship
2020,59,Everyday,High School Musical 2 (Original Soundtrack),Troy,Gabriella,Disney,,,,460,Love
2020,60,All The Stars (with SZA),Black Panther The Album Music From and Inspired By,Kendrick Lamar,SZA,,,,,461,Rap
2020,61,Out of Touch,The Very Best of Daryl Hall / John Oates,Daryl Hall & John Oates,,,,,,462,Rock
2020,62,You Get The Glory,The Unknown,Jonathan Traylor,,,,,,463,Worship
2020,63,"Flashlight (Sweet Life Mix) - From ""Pitch Perfect 2"" Soundtrack",Pitch Perfect 2 - Special Edition (Original Motion Picture Soundtrack),Hailee Steinfeld,,,,,,464,Love
2020,64,When It Rains It Pours,The One's for You,Luke Combs,,,,,,465,Country
2020,65,"Fire On Fire - From ""Watership Down""","Fire On Fire (From ""Watership Down"")",Sam Smith,,,,,,466,Love
2020,66,Never Say Never,The Fray,The Fray,,,,,,467,Alternative
2020,67,Worn,The Struggle,Tenth Avenue North,,,,,,468,Worship
2020,68,Meant To Be,NOW That's What I Call Country Vol. 11,Bebe Rexha,Florida Georgia Line,,,,,469,Pop
2020,69,Paris,Paris,The Chainsmokers,,,,,,470,Pop
2020,70,Sh-Boom,"Doo Wop Classics, Vol. 6",The Chords,,,,,,471,Love
2020,71,Hypnotized,Hypnotized,The Giving Moon,,,,,,472,Alternative
2020,72,Give Me Faith,Kingdom Come,Elevation Worship,,,,,,473,Worship
2020,73,Butterfly Effect,"Love, Heartbreak, & Everything In Between",Tenielle Arts,,,,,,474,Country
2020,74,1201 (feat. Deno Taylor),1201,Swilson,Deno Taylor,,,,,475,Pop
2020,75,All About Us,My Forever,He Is We,Owl City,,,,,476,Love
2020,76,"1,2 Many",What You See Is What You Get,Luke Combs,Brooks & Dunn,,,,,477,Country
2020,77,Way It Goes,Landmark,Hippo Campus,,,,,,478,Alternative
2020,78,Syndicate,The Fray,The Fray,,,,,,479,Alternative
2020,79,Get the Gat,Get the Gat,Lil Elt,,,,,,480,Rap
2020,80,Mood (feat. iann dior),El Dorado,24kGoldn,iann dior,,,,,481,Pop
2020,81,Broken Vessels (Amazing Grace) - Live,No Other Name (Deluxe Edition/Live),Hillsong Worship,TAYA,,,,,482,Worship
2020,82,When We Were Young,25,Adele,,,,,,483,Love
2020,83,I Met You In The Summer,Faster Car,Loving Caliber,Mia Pfirrman,,,,,484,Pop
2020,84,Into You,Dangerous Woman,Ariana Grande,,,,,,485,Pop
2020,85,Lead Me To The Cross,All Of The Above,Hillsong UNITED,Brooke Ligertwood,,,,,486,Worship
2020,86,Water Under the Bridge,25,Adele,,,,,,487,Love
2020,87,Better,Suncity,Khalid,,,,,,488,Pop
2020,88,Lips Of An Angel,Extreme Behavior,Hinder,,,,,,489,Rock
2020,89,Forever,Forever,Chris Brown,,,,,,490,Pop
2020,90,A Thousand More,A Thousand More,Thrive Worship,,,,,,491,Worship
2020,91,Follow Through,Chariot - Stripped,Gavin DeGraw,,,,,,492,Alternative
2020,92,You Found Me,The Fray,The Fray,,,,,,493,Alternative
2020,93,Unbelievable,Instigator,Kaci Brown,,,,,,494,Pop
2020,94,Titanium,"The Covers, Vol. 2",Madilyn Bailey,,,,,,495,Love
2020,95,Just A Dream,5..0,Nelly,,,,,,496,Pop
2020,96,"10,000 Hours (with Justin Bieber) - Piano","10,000 Hours (with Justin Bieber) [Piano]",Dan + Shay,Justin Bieber,,,,,497,Pop
2020,97,Rush,Into The Rush,Aly & AJ,,,,,,498,Pop
2020,98,Until The Whole World Hears,Voice of Truth: The Ultimate Collection,Casting Crowns,,,,,,499,Pop
2020,99,Only Just A Call Away,Everybody Wants,The Struts,,,,,,500,Pop
2020,100,Another In The Fire - Live,People (Live),Hillsong UNITED,,,,,,501,Worship
2021,1,What Could've Been,Canyons,Gone West,,,,,,502,Country
2021,2,I Can't (feat. Old Dominion),Supernova (Deluxe),Caitlyn Smith,Old Dominion,,,,,503,Alternative
2021,3,May We All,Dig Your Roots,Florida Georgia Line,Tim McGraw,,,,,504,Country
2021,4,7 Summers,7 Summers,Morgan Wallen,,,,,,505,Country
2021,5,Yeah Boy,The First Time,Kelsea Ballerini,,,,,,506,Pop
2021,6,Met You,Reckless,Morgan Wade,,,,,,507,Country
2021,7,Blessed,Blessed,Lewis Brice,,,,,,508,Country
2021,8,Slow Down,Canyons,Gone West,,,,,,509,Country
2021,9,A ROCK,A ROCK,HARDY,,,,,,510,Country
2021,10,Wilder Days,Reckless,Morgan Wade,,,,,,511,Country
2021,11,This Bar,Dangerous: The Double Album,Morgan Wallen,,,,,,512,Country
2021,12,One Of Them Girls,Hey World,Lee Brice,,,,,,513,Country
2021,13,Where Were You (When The World Stopped Turning),Drive,Alan Jackson,,,,,,514,Country
2021,14,Realize,Coco,Colbie Caillat,,,,,,515,Pop
2021,15,R&R,Canyons,Gone West,,,,,,516,Country
2021,16,This Side Of A Dust Cloud - Bonus,Dangerous: The Double Album,Morgan Wallen,,,,,,517,Country
2021,17,half of my hometown (feat. Kenny Chesney),half of my hometown,Kelsea Ballerini,Kenny Chesney,,,,,518,Pop
2021,18,Twang,Twang,Mason Ramsey,,,,,,519,Country
2021,19,When To Say Goodbye,Canyons,Gone West,,,,,,520,Country
2021,20,ONE BEER (feat. Lauren Alaina & Devin Dawson),HIXTAPE: Vol. 1,HARDY,Lauren Alaina,Devin Dawson,,,,521,Country
2021,21,Still Goin Down,Still Goin Down,Morgan Wallen,,,,,,522,Country
2021,22,Tequila,Dan + Shay,Dan + Shay,,,,,,523,Pop
2021,23,Gone West,Canyons,Gone West,,,,,,524,Country
2021,24,"Take Me Home, Country Roads","The John Denver Collection, Vol 1: Take Me Home, Country Roads",John Denver,,,,,,525,Country
2021,25,More Than My Hometown,More Than My Hometown,Morgan Wallen,,,,,,526,Country
2021,26,City Boys Nightmare (feat. Nate Kenyon),Rise and Shine,The Lacs,Nate Kenyon,,,,,527,Country
2021,27,Strawberry Wine,The Deana Carter Collection,Deana Carter,,,,,,528,Country
2021,28,Homesick,Experiment Extended,Kane Brown,,,,,,529,Country
2021,29,Talkin' Bout You,Canyons,Gone West,,,,,,530,Country
2021,30,"Rednecks, Red Letters, Red Dirt",Dangerous: The Double Album,Morgan Wallen,,,,,,531,Country
2021,31,I Want To Love You,Lenachka,Lenachka,,,,,,532,Love
2021,32,Heaven,Kane Brown (Deluxe Edition),Kane Brown,,,,,,533,Country
2021,33,The Good Ones,Goldmine,Gabby Barrett,,,,,,534,Country
2021,34,Whatcha Think Of Country Now,Dangerous: The Double Album,Morgan Wallen,,,,,,535,Country
2021,35,L'amour Toujours (Small Mix),L'Amour Toujour,Gigi D'Agostino,,,,,,536,Pop
2021,36,Maker of the Heavens,Maker of the Heavens,Mosaic MSC,,,,,,537,Worship
2021,37,Drinkin' Problem,On The Rocks,Midland,,,,,,538,Country
2021,38,Photograph,x (Deluxe Edition),Ed Sheeran,,,,,,539,Pop
2021,39,Knew You,Canyons,Gone West,,,,,,540,Country
2021,40,Does To Me (feat. Eric Church),What You See Is What You Get,Luke Combs,Eric Church,,,,,541,Country
2021,41,REDNECKER,THIS OLE BOY,HARDY,,,,,,542,Country
2021,42,Livin' The Dream,Livin' The Dream,Morgan Wallen,,,,,,543,Country
2021,43,Tides,Canyons,Gone West,,,,,,544,Country
2021,44,Road Less Traveled,Road Less Traveled,Lauren Alaina,,,,,,545,Country
2021,45,Too Good At Goodbyes,The Thrill Of It All (Special Edition),Sam Smith,,,,,,546,Love
2021,46,Done,Real Friends,Chris Janson,,,,,,547,Country
2021,47,Confetti,Canyons,Gone West,,,,,,548,Country
2021,48,Tequila,Dan + Shay (Acoustic),Dan + Shay,,,,,,549,Pop
2021,49,Blame It On Me,Dangerous: The Double Album,Morgan Wallen,,,,,,550,Country
2021,50,The Things We Do For Love,Deceptive Bends,10cc,,,,,,551,Love
2021,51,Another,Another,Adam Doleac,,,,,,552,Country
2021,52,"Take Me Home, Country Roads","Poems, Prayers and Promises",John Denver,,,,,,553,Country
2021,53,Somethin' Country,Dangerous: The Double Album,Morgan Wallen,,,,,,554,Country
2021,54,Unbelievable,Instigator,Kaci Brown,,,,,,555,Pop
2021,55,Phases,Phases,PRETTYMUCH,,,,,,556,Pop
2021,56,Butterfly Effect,"Love, Heartbreak, & Everything In Between",Tenielle Arts,,,,,,557,Country
2021,57,The Way I Talk,If I Know Me,Morgan Wallen,,,,,,558,Country
2021,58,There's Only One Conor McGregor,There's Only One Conor McGregor,Mick Konstantin,,,,,,559,Alternative
2021,59,I Hope You're Happy Now,Carly Pearce,Carly Pearce,Lee Brice,,,,,560,Country
2021,60,H.O.L.Y.,Dig Your Roots,Florida Georgia Line,,,,,,561,Country
2021,61,"No Place Like Hometown (HARDY feat. Keith Urban, Hillary Lindsey)",HIXTAPE: Vol. 1,HIXTAPE,HARDY,Keith Urban,Hillary Lindsey,,,562,Country
2021,62,Home Is Where The Heartbreak Is,Canyons,Gone West,,,,,,563,Country
2021,63,Out Of Sight,On The Rocks,Midland,,,,,,564,Country
2021,64,When It Rains It Pours,This One's for You,Luke Combs,,,,,,565,Country
2021,65,Tiny Dancer,Madman Across The,Elton John,,,,,,566,Rock
2021,66,Gamblin' Town,Canyons,Gone West,,,,,,567,Country
2021,67,Georgia Time,Georgia Time,Riley Green,,,,,,568,Country
2021,68,Forever After All,What You See Ain't Always What You Get (Deluxe Edition),Luke Combs,,,,,,569,Country
2021,69,Tomorrow,Neon,Chris Young,,,,,,570,Country
2021,70,Mercy,Brett Young,Brett Young,,,,,,571,Country
2021,71,Cover Me Up,Dangerous: The Double Album,Morgan Wallen,,,,,,572,Country
2021,72,One Number Away,This One's for You,Luke Combs,,,,,,573,Country
2021,73,Playboys,Let It Roll,Midland,,,,,,574,Country
2021,74,Rumor,Lee Brice,Lee Brice,,,,,,575,Country
2021,75,Whiskey Glasses,If I Know Me,Morgan Wallen,,,,,,576,Country
2021,76,LA CANCIÓN,OASIS,J Balvin,Bad Bunny,,,,,577,Pop
2021,77,Only Just A Call Away,Everybody Wants,The Struts,,,,,,578,Pop
2021,78,It Must Be Love,34 Number Ones,Alan Jackson,,,,,,579,Country
2021,79,865,Dangerous: The Double Album,Morgan Wallen,,,,,,580,Country
2021,80,Animal,Habits,Neon Trees,,,,,,581,Pop
2021,81,Parked out by the Lake,Parked out by the Lake,Dean Summerwind,,,,,,582,Country
2021,82,UNAPOLOGETICCALY COUNTRY AS HELL,A ROCK,HARDY,,,,,,583,Country
2021,83,Country A$$ Shit,Dangerous: The Double Album,Morgan Wallen,,,,,,584,Country
2021,84,Someone You Loved,Divinely Uninspired To A Hellish Extent,Lewis Capaldi,,,,,,585,Love
2021,85,Bloom,Feelgood TV,Sylvain Lux,,,,,,586,Alternative
2021,86,Step Back,Step Back EP,Asher Knight,,,,,,587,Pop
2021,87,Wasted On You,Dangerous: The Double Album,Morgan Wallen,,,,,,588,Country
2021,88,Drift Away,No Stranger to Shame,Uncle Kracker,,,,,,589,Rock
2021,89,Hypnotized,Hypnotized,The Giving Moon,,,,,,590,Alternative
2021,90,I Will Come To You,Middle Of Nowhere,Hanson,,,,,,591,Pop
2021,91,Me On Whiskey,Dangerous: The Double Album,Morgan Wallen,,,,,,592,Country
2021,92,This Time,Canyons,Gone West,,,,,,593,Country
2021,93,Perfect,÷ (Deluxe),Ed Sheeran,,,,,,594,Pop
2021,94,Give Me Faith,Kingdom Come,Elevation Worship,,,,,,595,Worship
2021,95,Sand In My Boots,Dangerous: The Double Album,Morgan Wallen,,,,,,596,Country
2021,96,All In,Smoke & Mirrows (Deluxe),Lifehouse,,,,,,597,Alternative
2021,97,People Are Crazy,Little Bit of Everything,Billy Currington,,,,,,598,Country
2021,98,Cheatin' Songs,Let It Roll,Midland,,,,,,599,Country
2021,99,Somebody's Problem,Dangerous: The Double Album,Morgan Wallen,,,,,,600,Country
2021,100,Every Other Memory,Every Other Memory,Ryan Hurd,,,,,,601,Country
2022,1,What Could've Been,Canyons,Gone West,,,,,,602,Country
2022,2,Narcissist,Narcissist,Avery Anna,,,,,,603,Pop
2022,3,Push & Pull,Push & Pull,Georgia Webster,,,,,,604,Pop
2022,4,I Love You More,I Love You More,Avery Anna,,,,,,605,Pop
2022,5,What If I Never Get Over You,Ocean,Lady A,,,,,,606,Country
2022,6,I Can't (feat. Old Dominion),Supernova (Deluxe),Caitlyn Smith,Old Dominion,,,,,607,Alternative
2022,7,I Hate This,"Love, Heartbreak, & Everything In Between",Tenielle Arts,,,,,,608,Country
2022,8,John Mayer Songs,Chapter 1: Things We're Not Saying,Georgia Webster,,,,,,609,Pop
2022,9,Forget You (feat. Avery Anna),For You,Parmalee,Avery Anna,,,,,610,Alternative
2022,10,Worth A Shot (feat. Dierks Bentley),Worth A Shot (feat. Dierks Bentley),Elle King,Dierks Bentley,,,,,611,Country
2022,11,back in the saddle,back in the saddle,Ashley Cooke,,,,,,612,Country
2022,12,Tell Your Mom,First Goodbye,Georgia Webster,,,,,,613,Pop
2022,13,Critic,Critic,Avery Anna,,,,,,614,Pop
2022,14,Gone West,Canyons,Gone West,,,,,,615,Country
2022,15,How Do You Love (with Lee Brice & Lindsay Ell),How Do You Love (with Lee Brice & Lindsay Ell),Cheat Codes,Lee Brice,Lindsay Ell,,,,616,Pop
2022,16,Not Sayin',Chapter 1: Things We're Not Saying,Georgia Webster,,,,,,617,Pop
2022,17,Breaking Up Was Easy In The 90's,SOUTHSIDE,Sam Hunt,,,,,,618,Country
2022,18,What Could've Been - Acoustic,What Could've Been (Acoustic),Gone West,,,,,,619,Country
2022,19,Let It Be Love,Ocean,Lady A,,,,,,620,Country
2022,20,X's,Chapter 1: Things We're Not Saying,Georgia Webster,,,,,,621,Pop
2022,21,Just Cause I Love You,Just Cause I Love You,Avery Anna,,,,,,622,Pop
2022,22,Delorean,Country Stuff The Album,Walker Hayes,,,,,,623,Country
2022,23,Slow Down,Canyons,Gone West,,,,,,624,Country
2022,24,It Goes Like This,It Goes Like This,Thomas Rhett,,,,,,625,Country
2022,25,Can't Miss You Anymore,Can't Miss You Anymore,Avery Anna,,,,,,626,Pop
2022,26,7500 OBO,Here On Earth,Tim McGraw,,,,,,627,Country
2022,27,I'm Never Getting Over You,Canyons,Gone West,,,,,,628,Country
2022,28,I Hate Phone Calls (Long Distance Sucks),Chapter 1: Things We're Not Saying,Georgia Webster,,,,,,629,Pop
2022,29,When's It Gonna Happen,When's It Gonna Happen,Tenielle Townes,,,,,,630,Country
2022,30,Easy,Easy,Aidan Martin,,,,,,631,Pop
2022,31,Home Is Where The Heartbreak Is,Canyons,Gone West,,,,,,632,Country
2022,32,Tattoos,Chapter 1: Things We're Not Saying,Georgia Webster,,,,,,633,Pop
2022,33,Love Triangle,WildHorse,RaeLynn,,,,,,634,Country
2022,34,23,23,Sam Hunt,,,,,,635,Country
2022,35,Briefcase (feat. Lori McKenna),Country Stuff The Album,Walker Hayes,Lori McKenna,,,,,636,Country
2022,36,Risk (feat. Jonathan Hutcherson),Chapter 1: Things We're Not Saying,Georgia Webster,Jonathan Hutcherson,,,,,637,Pop
2022,37,body language of a breakup,heart theory,Lindsay Ell,,,,,,638,Country
2022,38,Confetti,Canyons,Gone West,,,,,,639,Country
2022,39,One Of Them Girls,Hey World,Lee Brice,,,,,,640,Country
2022,40,First Goodbye,First Goodbye,Georgia Webster,,,,,,641,Pop
2022,41,Save Your Tears (with Ariana Grande),Save Your Tears (Remix),The Weeknd,Ariana Grande,,,,,642,Pop
2022,42,Gamblin' Town,Canyons,Gone West,,,,,,643,Country
2022,43,What Could've Been,What Could've Been,D and Chi,Emma Oliver,,,,,644,Alternative
2022,44,UGLY,First Goodbye,Georgia Webster,,,,,,645,Pop
2022,45,God Turn It Around - Live,Church Of The City (Live),Church of the City,Jon Reddick,,,,,646,Worship
2022,46,Nothing Lasts Forever (with Tenille Townes),Backslider,Elvie Shaye,Tenille Townes,,,,,647,Country
2022,47,When To Say Goodbye,Canyons,Gone West,,,,,,648,Country
2022,48,Hate This Hometown,Hate This Hometown,Erin Kinsey,,,,,,649,Country
2022,49,Stuck Like Glue,The Incredible Machine,Sugarland,,,,,,650,Country
2022,50,Wishful Drinking (with Sam Hunt),Wishful Drinking (with Sam Hunt),Ingrid Andress,Sam Hunt,,,,,651,Country
2022,51,What If I Never Get Over You - Piano,What If I Never Get Over You (Piano Version),Lady A,,,,,,652,Country
2022,52,Amarillo By Morning,80s Country,George Strait,,,,,,653,Country
2022,53,Witness,Coping,Rosie Darling,,,,,,654,Pop
2022,54,7 Summers,7 Summers,Morgan Wallen,,,,,,655,Country
2022,55,My Heart Is a Bar,Old Dominion,Old Dominion,,,,,,656,Country
2022,56,The Good Ones,Goldmine,Gabby Barrett,,,,,,657,Country
2022,57,Tides,Canyons,Gone West,,,,,,658,Country
2022,58,Asking For A Friend,Dark Horse,Devin Dawson,,,,,,659,Country
2022,59,Blessed,Blessed,Lewis Brice,,,,,,660,Country
2022,60,Too Good At Goodbyes,The Thrill Of It All (Special Edition),Sam Smith,,,,,,661,Love
2022,61,Homesick,Experiment Extended,Kane Brown,,,,,,662,Country
2022,62,Right On Time,Right On Time,Lindsay Ell,,,,,,663,Country
2022,63,Talkin' Bout You,Canyons,Gone West,,,,,,664,Country
2022,64,Carrying Your Love With Me,Carrying Your Love With Me,George Strait,,,,,,665,Country
2022,65,I Bet You Think About Me (feat. Chris Stapleton) (Taylor's Version) (From The Vault),Red (Taylor's Version),Taylor Swift,Chris Stapleton,,,,,666,Pop
2022,66,Battle,Coco,Colbie Caillat,,,,,,667,Pop
2022,67,Confetti,Tides,Gone West,,,,,,668,Country
2022,68,Box of Memories,First Goodbye,Georgia Webster,,,,,,669,Pop
2022,69,Damn Strait,Damn Strait,Scotty McCreery,,,,,,670,Country
2022,70,wAnt me back,heart theory,Lindsay Ell,,,,,,671,Country
2022,71,Realize,Coco,Colbie Caillat,,,,,,672,Pop
2022,72,Thinking 'Bout You (feat. Lauren Alaina),Tullahoma,Dustin Lynch,Lauren Alaina,,,,,673,Country
2022,73,I Don't Wanna Be,Chariot,Gavin DeGraw,,,,,,674,Alternative
2022,74,Somewhere Only We Know,The Best of Keane (Deluxe Edition),Keane,,,,,,675,Alternative
2022,75,R&R,Canyons,Gone West,,,,,,676,Country
2022,76,Maybe In Another Life,High,Caitlyn Smith,,,,,,677,Alternative
2022,77,when was it over? (feat. Sam Hunt),when was it over? (feat. Sam Hunt),Sasha Alex Sloan,Sam Hunt,,,,,678,Pop
2022,78,I Want To Love You,Lenachka,Lenachka,,,,,,679,Love
2022,79,Fall In Love,Fall In Love,Bailey Zimmerman,,,,,,680,Country
2022,80,Supernova,Supernova (Deluxe),Caitlyn Smith,,,,,,681,Alternative
2022,81,The Night,The Night,Morgan Wade,,,,,,682,Country
2022,82,Seeing Other People,Drinkin' Songs: The Collection,MacKenzie Porter,,,,,,683,Country
2022,83,"1,2 Many",What You See Is What You Get,Luke Combs,Brooks & Dunn,,,,,684,Country
2022,84,Set Fire to the Rain,21,Adele,,,,,,685,Love
2022,85,Wilder Days,Reckless,Morgan Wade,,,,,,686,Country
2022,86,May We All,Dig Your Roots,Florida Georgia Line,Tim McGraw,,,,,687,Country
2022,87,Tunnel Vision,Painting Pictures,Kodak Black,,,,,,688,Rap
2022,88,More Than My Hometown,Dangerous: The Double Album,Morgan Wallen,,,,,,689,Country
2022,89,Yesterday's Song,Yesterday's Song,Hunter Hayes,,,,,,690,Country
2022,90,Heart Like A Truck,Heart Like A Truck,Lainey Wilson,,,,,,691,Country
2022,91,Slow Dance In A Parking Lot,Slow Dance In A Parking Lot,Jordan Davis,,,,,,692,Country
2022,92,Only Just A Call Away,Everybody Wants,The Struts,,,,,,693,Pop
2022,93,Wish You Were The Whiskey,Wish You Were The Whiskey,Priscilla Block,,,,,,694,Country
2022,94,Butterfly Effect,"Love, Heartbreak, & Everything In Between",Tenielle Arts,,,,,,695,Country
2022,95,Songs About You,Songs About You,Brett Eldridge,,,,,,696,Country
2022,96,Truth About You,Truth About You,Mitchell Tenpenny,,,,,,697,Country
2022,97,Gotta Be Somebody,Dark Horse,Nickelback,,,,,,698,Rock
2022,98,AA,AA,Walker Hayes,,,,,,699,Country
2022,99,ONE BEER (feat. Lauren Alaina & Devin Dawson),HIXTAPE: Vol. 1,HARDY,Lauren Alaina,Devin Dawson,,,,700,Country
2022,100,EP. 2: Friends,EP. 2: Friends,Ian McConnell,,,,,,701,Alternative
2022,101,Nightsky,Nightsky,Tracey Chattaway,,,,,,702,Alternative
2023,1,Echo Holy (Live from Littleton),Things of Heaven,Red Rocks Worship,,,,,,703,Worship
2023,2,What I Really Need,What I Really Need,Bryan Fowler,,,,,,704,Worship
2023,3,What Could've Been,Canyons,Gone West,,,,,,705,Country
2023,4,Enough,"The Work, Vol. I",Elias Dummer,,,,,,706,Worship
2023,5,Ever Be - Live,We Will Not Be Shaken (Live),Bethel Music,kalley,,,,,707,Worship
2023,6,Push & Pull,Push & Pull,Georgia Webster,,,,,,708,Pop
2023,7,Can't Nobody,Can't Nobody,Mackenzie Carpenter,,,,,,709,Country
2023,8,Enough - Radio Version,Enough (Radio Version),Elias Dummer,,,,,,710,Worship
2023,9,First Things First,First Things First,Consumed By Fire,,,,,,711,Worship
2023,10,Take You At Your Word (with Benjamin William Hastings) - Live,God Is Good! (Live),Cody Carnes,Benjamin William Hastings,,,,,712,Worship
2023,11,Realize,Coco,Colbie Caillat,,,,,,713,Pop
2023,12,I Can't (feat. Old Dominion),Supernova (Deluxe),Caitlyn Smith,Old Dominion,,,,,714,Alternative
2023,13,What If I Never Get Over You,Ocean,Lady A,,,,,,715,Country
2023,14,Dear God,"Wild Blue, Part I",Hunter Hayes,,,,,,716,Country
2023,15,That Summer,The Long Way Home,Alex Mather,,,,,,717,Country
2023,16,Psychopath,Psychopath,Morgan Wade,,,,,,718,Country
2023,17,I Don't Wanna Be,Chariot,Gavin DeGraw,,,,,,719,Alternative
2023,18,Cupid - Twin Ver.,The Beginning,FIFTY FIFTY,,,,,,720,Kpop
2023,19,Fierce - Studio Version,Fierce (Studio Version),Jesus Culture,Chris Quilala,,,,,721,Worship
2023,20,Take It Slow,Didn't Go Too Far (Behind The Songs),Conner Smith,,,,,,722,Country
2023,21,The Man Who Can't Be Moved,The Script,The Script,,,,,,723,Alternative
2023,22,Somewhere Only We Know,Hope And Fears,Keane,,,,,,724,Alternative
2023,23,"I Thank God (feat. Dante Brown, Maryanne Joshua George & Aaron Moses)",Move Your Heart,Maverick City Music,UPPERROOM,Dante Brown,Maryanne J. George,Aaron Moses,,725,Worship
2023,24,Another In The Fire - Live,People (Live),Hillsong UNITED,Chris Davenport,Joel Houston,,,,726,Worship
2023,25,The Same Love,The Same Love,Paul Baloche,,,,,,727,Worship
2023,26,Tell Your Mom,Tell Your Mom,Georgia Webster,,,,,,728,Pop
2023,27,All About Us,My Forever,He Is We,Owl City,,,,,729,Love
2023,28,Monday Morning Faith - Acoustic,Heart Cry (Acoustic),SEU Worship,Chelsea Plank,,,,,730,Worship
2023,29,Everything U Do - Live,ALL AGES ADMITTED,River Valley AGES,,,,,,731,Worship
2023,30,Say (All I Need),Dreaming Out Loud,OneRepublic,,,,,,732,Alternative
2023,31,Narcissist,Narcissist,Avery Anna,,,,,,733,Pop
2023,32,Lately,High & Low,Caitlyn Smith,,,,,,734,Alternative
2023,33,Sunrise,Ages,River Valley AGES,,,,,,735,Worship
2023,34,John Mayer Songs,Chapter 1: Things We're Not Saying,Georgia Webster,,,,,,736,Pop
2023,35,Homecoming - Live,Homecoming (Live),Bethel Music,Cory Asbury,Gable Price,,,,737,Worship
2023,36,Greater Still,Song Sessions,Brandon Lake,Essential Worship,,,,,738,Worship
2023,37,I Will Come To You,Middle Of Nowhere,Hanson,,,,,,739,Pop
2023,38,Overwhelmed,Love Come To Life,Big Daddy Weave,,,,,,740,Worship
2023,39,Last Night,One Thing At A Time,Morgan Wallen,,,,,,741,Country
2023,40,Brokeness Aside,Season One,All Sons & Daughters,,,,,,742,Worship
2023,41,Your Love Never Fails - Live,Your Love Never Fails (Live),Jesus Culture,Chris Quilala,,,,,743,Worship
2023,42,Whole Heart (Hold Me Now) - Live,People (Live),Hillsong UNITED,TAYA,Aodhán King,,,,744,Worship
2023,43,Rest on Us (feat. Brandon Lake & Eniola Abioye),Move Your Heart,Maverick City Music,UPPERROOM,Brandon Lake,Eniola Abioye,,,745,Worship
2023,44,Maker of the Heavens,Maker of the Heavens,Mosaic MSC,,,,,,746,Worship
2023,45,So Help Me God,Benjamin William Hastings,Benjamin William Hastings,,,,,,747,Worship
2023,46,Closer,For The Sake of the World,Bethel Music,Steffany Gretzinger,,,,,748,Worship
2023,47,Found,I'll Be the Branches,Chris Renzema,,,,,,749,Worship
2023,48,Fast Car,Gettin' Old,Luke Combs,,,,,,750,Country
2023,49,So Will I (100 Billion X),Wonder,Hillsong UNITED,Benjamin William Hastings,,,,,751,Worship
2023,50,Are You Gonna Kiss Me Or Not,Thompson Square,Thompson Square,,,,,,752,Country
2023,51,Let's Go,Outta Space Love,Group 1 Crew,TobyMac,,,,,753,Worship
2023,52,I'm Listening - Live,Breakthrough (Live),Chris McClarney,Hollyn,,,,,754,Worship
2023,53,God Turn It Around - Live,Church Of The City (Live),Church Of The City,Jon Reddick,,,,,755,Worship
2023,54,Not Sayin',Chapter 1: Things We're Not Saying,Georgia Webster,,,,,,756,Pop
2023,55,Maybe In Another Life,High,Caitlyn Smith,,,,,,757,Alternative
2023,56,I'm Never Getting Over You,Canyons,Gone West,,,,,,758,Country
2023,57,YOUR NAME IS POWER,CHOOSE TO WORSHIP,Rend Collective,,,,,,759,Worship
2023,58,What I Really Need - Radio Version,What I Really Need (Radio Version),Bryan Fowler,,,,,,760,Worship
2023,59,Blessed,Blessed,Lewis Brice,,,,,,761,Country
2023,60,Grace Alone,Grace Alone - EP,The Modern Post,,,,,,762,Worship
2023,61,One Of Them Girls,Hey World,Lee Brice,,,,,,763,Country
2023,62,The Long Way Home (feat. David Dunn),The Long Way Home (feat. David Dunn),Neon Feather,David Dunn,,,,,764,Worship
2023,63,sometimes - live in new york,brent (live in new york),Chelsea Cutler,,,,,,765,Alternative
2023,64,Nothin' Lasts Forever (with Tenille Townes),Backslider,Elvie Shaye,,,,,,766,Country
2023,65,Hills and Valleys (The Valleys Version),Hills and Valleys (Deluxe Edition),Tauren Wells,,,,,,767,Worship
2023,66,Even If,Lifer,MercyMe,,,,,,768,Worship
2023,67,Set Fire to the Rain,21,Adele,,,,,,769,Love
2023,68,The Bullet,The Bullet,Derek Austin,Ashley Cooke,,,,,770,Country
2023,69,Home Is Where The Heartbreak Is,Canyons,Gone West,,,,,,771,Country
2023,70,Good Grace - Live,People (Live),Hillsong UNITED,Joel Houston,Matt Crocker,,,,772,Worship
2023,71,7 Summers,Dangerous: The Double Album,Morgan Wallen,,,,,,773,Country
2023,72,back in the saddle,shot in the dark,Ashley Cooke,,,,,,774,Country
2023,73,Yes I Will,Bright Faith Bold Future,Vertical Worship,,,,,,775,Worship
2023,74,What I Really Need - Song Session,What I Really Need (Song Session),Bryan Fowler,Essential Worship,,,,,776,Worship
2023,75,More Than My Hometown,Dangerous: The Double Album,Morgan Wallen,,,,,,777,Country
2023,76,Kiss Me Slowly,The Way It Was,Parachute,,,,,,778,Love
2023,77,Echo Holy - In Studio,Echo Holy (In Studio),Red Rocks Worship,,,,,,779,Worship
2023,78,Yesterday's Song,Yesterday's Song,Hunter Hayes,,,,,,780,Country
2023,79,Faithful,Faithful,Erik Neider,,,,,,781,Worship
2023,80,Only Just A Call Away,Everybody Wants,The Struts,,,,,,782,Pop
2023,81,Every Hour,Every Hour,David Leonard,Josh Baldwin,,,,,783,Worship
2023,82,Goodness Gracious,Goodness Gracious,SONS THE BAND,,,,,,784,Worship
2023,83,Without You,Without You,John Newman,Nina Nesbitt,,,,,785,Pop
2023,84,Give Me Faith,Kingdom Come,Elevation Worship,,,,,,786,Worship
2023,85,Hearts On Fire - Acoustic,Hearts On Fire (Acoustic),Gavin James,,,,,,787,Alternative
2023,86,The Older I Get,Where Have You Gone,Alan Jackson,,,,,,788,Country
2023,87,Wilder Days,Reckless,Morgan Wade,,,,,,789,Country
2023,88,Easy,Easy,Aidan Martin,,,,,,790,Pop
2023,89,Not Supposed To Know Each Other,Born in July,Taylor Edwards,,,,,,791,Country
2023,90,Easy To Praise,Wild Faith,Patrick Mayberry,,,,,,792,Worship
2023,91,Butterfly Effect,"Love,Heartbreak, & Everything In Between",Tenielle Arts,,,,,,793,Country
2023,92,Drops of Jupiter (Tell Me),Drops of Jupiter,Train,,,,,,794,Alternative
2023,93,These Walls Don't Lie,The Long Distance Runner,Promoe,,,,,,795,Rap
2023,94,Total Eclipse of the Heart,The Very Best of Bonnie Tyler,Bonnie Tyler,,,,,,796,Classic
2023,95,Breakthrough (Single Version),Breakthrough (Single Version),Red Rocks Worship,,,,,,797,Worship
2023,96,Joy In The Morning,Joy In The Morning (Horizon Edition),Tauren Wells,Elevation Worship,,,,,798,Worship
2023,97,Lovebug,A Little Bit Longer,Jonas Brothers,,,,,,799,Pop
2023,98,"I Don't Want To Miss A Thing - From ""Armageddon"" Soundtrack",I Don't Want To Miss A Thing EP,Aerosmith,,,,,,800,Rock
2023,99,You Found Me,The Fray,The Fray,,,,,,801,Alternative
2023,100,Before You Exit,"love, pain, & retrospect",Before You Exit,,,,,,802,Pop
2024,1,What is Love,Summer Nights,TWICE,,,,,,803,Kpop
2024,2,Heart Shaker,Merry & Happy,TWICE,,,,,,804,Kpop
2024,3,Knock Knock,Twicecoaster: Lane 2,TWICE,,,,,,805,Kpop
2024,4,I CAN'T STOP ME,Eyes Wide Open,TWICE,,,,,,806,Kpop
2024,5,Echo Holy (Live from Littleton),Things of Heaven,Red Rocks Worship,,,,,,807,Worship
2024,6,What Could've Been,Canyons,Gone West,,,,,,808,Country
2024,7,Trust You Again,Trust You Again,Rolling Hills Worship,Jordan St. Cyr,,,,,809,Worship
2024,8,TT,Twicecoaster: Lane 2,TWICE,,,,,,810,Kpop
2024,9,Echo Holy - Deluxe Edition,Things of Heaven,Red Rocks Worship,,,,,,811,Worship
2024,10,This is Living - Acoustic,This is Living,Hillsong Young & Free,Alexander Pappas,Melodie Wagner,,,,812,Worship
2024,11,One Lone,abouTZU,TZUYU,,,,,,813,Kpop
2024,12,Alcohol-Free,Taste of Love,TWICE,,,,,,814,Kpop
2024,13,Nobody Like You (Live),Nobody Like You (Live),Red Rocks Worship,,,,,,815,Worship
2024,14,I'm Listening - Live,Breakthrough (Live),Chris McClarney,Hollyn,,,,,816,Worship
2024,15,Run Away,abouTZU,TZUYU,,,,,,817,Kpop
2024,16,Talk that Talk,BETWEEN 1&2,TWICE,,,,,,818,Kpop
2024,17,Something Has to Break,Things of Heaven,Red Rocks Worship,Essential Worship,,,,,819,Worship
2024,18,Ever Be - Live,We Will Not Be Shaken (Live),Bethel Music,kalley,,,,,820,Worship
2024,19,Realize,Coco,Colbie Caillat,,,,,,821,Pop
2024,20,Pit-a-Pat,Twicecoaster: Lane 2,TWICE,,,,,,822,Kpop
2024,21,Echo Holy - In Studio,Echo Holy (In Studio),Red Rocks Worship,,,,,,823,Worship
2024,22,That Summer,The Long Way Home,Alex Mather,,,,,,824,Country
2024,23,Take You At Your Word (with Benjamin William Hastings) - Live,God Is Good! (Live),Cody Carnes,Benjamin William Hastings,,,,,825,Worship
2024,24,LALALA,YES or YES,TWICE,,,,,,826,Kpop
2024,25,Echo Holy - The Other Side,Things of Heaven: The Other Side,Red Rocks Worship,,,,,,827,Worship
2024,26,Closer,For The Sake of the World,Bethel Music,Steffany Gretzinger,,,,,828,Worship
2024,27,What If I Never Get Over You,Ocean,Lady A,,,,,,829,Country
2024,28,FANCY,FANCY YOU,TWICE,,,,,,830,Kpop
2024,29,I Don't Want to Be,Chariot,Gavin DeGraw,,,,,,831,Alternative
2024,30,Enough,"The Work, Vol. I",Elias Dummer,,,,,,832,Worship
2024,31,Even The Impossible - Studio Version,This Is Your Promise,Mack Brown,,,,,,833,Worship
2024,32,ONE SPARK,With YOU-th,TWICE,,,,,,834,Kpop
2024,33,7 Summers,7 Summers,Morgan Wallen,,,,,,835,Country
2024,34,Monday Morning Faith - Acoustic,Heart Cry (Acoustic),SEU Worship,Chelsea Plank,,,,,836,Worship
2024,35,What I Really Need,What I Really Need,Bryan Fowler,,,,,,837,Worship
2024,36,SAY YOU LOVE ME,"The year of ""YES""",TWICE,,,,,,838,Kpop
2024,37,Found,I'll Be the Branches,Chris Renzema,,,,,,839,Worship
2024,38,I Can't (feat. Old Dominion),Supernova (Deluxe),Caitlyn Smith,Old Dominion,,,,,840,Alternative
2024,39,Overwhelmed,Love Come To Life: The Redeemed Version,Big Daddy Weave,,,,,,841,Worship
2024,40,Feel Special,Feel Special,TWICE,,,,,,842,Kpop
2024,41,Breakthrough (Single Version),Breakthrough (Single Version),Red Rocks Worship,,,,,,843,Worship
2024,42,Fierce - Studio Version,Fierce (Studio Version),Jesus Culture,Chris Quilala,,,,,844,Worship
2024,43,Tell Your Mom,First Goodbye,Georgia Webster,,,,,,845,Pop
2024,44,GOT THE THRILLS,READY TO BE,TWICE,,,,,,846,Kpop
2024,45,Last Night,3 Songs At A Time Sampler,Morgan Wallen,,,,,,847,Country
2024,46,Kiss Me Slowly,The Way It Was,Parachute,,,,,,848,Love
2024,47,Maybe In Another Life,High,Caitlyn Smith,,,,,,849,Alternative
2024,48,STUCK,Summer Nights,TWICE,,,,,,850,Kpop
2024,49,Can't Nobody,Can't Nobody,Mackenzie Carpenter,,,,,,851,Country
2024,50,I Will Come To You,Middle Of Nowhere,Hanson,,,,,,852,Pop
2024,51,Another In The Fire - Live,People (Live),Hillsong UNITED,Chris Davenport,Joel Houston,,,,853,Worship
2024,52,I GOT YOU,I GOT YOU,TWICE,,,,,,854,Kpop
2024,53,Give Me Faith,Kingdom Come,Elevation Worship,,,,,,855,Worship
2024,54,Yesterday's Song,Yesterday's Song,Hunter Hayes,,,,,,856,Country
2024,55,"I Thank God (feat. Dante Brown, Maryanne Joshua George & Aaron Moses)",Move Your Heart,Maverick City Music,UPPERROOM,Dante Brown,Maryanne J. George,Aaron Moses,,857,Worship
2024,56,YOU GET ME,With YOU-th,TWICE,,,,,,858,Kpop
2024,57,Greater Still,Song Sessions,Brandon Lake,Essential Worship,,,,,859,Worship
2024,58,sometimes - live in new york,brent (live in new york),Chelsea Cutler,,,,,,860,Alternative
2024,59,Good Plans - Live,Ascend,Red Rocks Worship,,,,,,861,Worship
2024,60,Likey,Merry & Happy,TWICE,,,,,,862,Kpop
2024,61,What I Really Need - Radio Version,What I Really Need (Radio Version),Bryan Fowler,,,,,,863,Worship
2024,62,Maker of the Heavens,Heaven,Mosaic MSC,,,,,,864,Worship
2024,63,Not Sayin',Chapter 1: Things We're Not Saying,Georgia Webster,,,,,,865,Pop
2024,64,YES or YES,YES or YES,TWICE,,,,,,866,Kpop
2024,65,One Of Them Girls,Hey World,Lee Brice,,,,,,867,Country
2024,66,Even If,Lifer,MercyMe,,,,,,868,Worship
2024,67,Lately,High & Low,Caitlyn Smith,,,,,,869,Alternative
2024,68,Be as ONE (Korean Ver.),"The year of ""YES""",TWICE,,,,,,870,Kpop
2024,69,First Things First,First Things First,Consumed by Fire,,,,,,871,Worship
2024,70,Nothin' Lasts Forever (with Tenille Townes),Backslider,Elvie Shaye,,,,,,872,Country
2024,71,Cupid - Twin Ver.,The Beginning,FIFTY FIFTY,,,,,,873,Kpop
2024,72,Merry & Happy,Merry & Happy,TWICE,,,,,,874,Kpop
2024,73,Tuscon Too Late,Bluebird Days,Jordan Davis,,,,,,875,Country
2024,74,Homecoming - Live,Homecoming (Live),Bethel Music,Cory Asbury,Gable Price,,,,876,Worship
2024,75,Brokeness Aside,Brokeness Aside EP No. 1,All Sons & Daughters,Leslie Jordan,David Leonard,,,,877,Worship
2024,76,MORE & MORE,MORE & MORE,TWICE,,,,,,878,Kpop
2024,77,Good Grace - Live,People (Live),Hillsong UNITED,Joel Houston,Matt Crocker,,,,879,Worship
2024,78,The Bullet,The Bullet,Derek Austin,Ashley Cooke,,,,,880,Country
2024,79,Every Hour,Every Hour,David Leonard,Josh Baldwin,,,,,881,Worship
2024,80,"HELLO (NAYEON, MOMO, CHAEYOUNG)",Formula of Love: O+T=<3,TWICE,,,,,,882,Kpop
2024,81,Dear God,"Wild Blue, Part I",Hunter Hayes,,,,,,883,Country
2024,82,Are You Gonna Kiss Me Or Not,Thompson Square,Thompson Square,,,,,,884,Country
2024,83,YOUR NAME IS POWER,CHOOSE TO WORSHIP,Rend Collective,,,,,,885,Worship
2024,84,BDZ (Korean Ver.),"The year of ""YES""",TWICE,,,,,,886,Kpop
2024,85,Grace Alone,Grace Alone - EP,The Modern Post,,,,,,887,Worship
2024,86,Enough - Radio Version,Enough (Radio Version),Elias Dummer,,,,,,888,Worship
2024,87,The Man Who Can't Be Moved,The Script,The Script,,,,,,889,Alternative
2024,88,SCIENTIST,Formula of Love: O+T=<3,TWICE,,,,,,890,Kpop
2024,89,Made For More - Live,Made For More (Live),Josh Baldwin,Jenn Johnson,,,,,891,Worship
2024,90,Everything U Do - Live,ALL AGES ADMITTED,River Valley AGES,,,,,,892,Worship
2024,91,The Long Way Home (feat. David Dunn),The Long Way Home (feat. David Dunn),Neon Feather,David Dunn,,,,,893,Worship
2024,92,TURN IT UP,FANCY YOU,TWICE,,,,,,894,Kpop
2024,93,Blessed,Blessed,Lewis Brice,,,,,,895,Country
2024,94,Say (All I Need),Dreaming Out Loud,OneRepublic,,,,,,896,Alternative
2024,95,More Than My Hometown,More Than My Hometown,Morgan Wallen,,,,,,897,Country
2024,96,CRY FOR ME,CRY FOR ME,TWICE,,,,,,898,Kpop
2024,97,John Mayer Songs,Chapter 1: Things We're Not Saying,Georgia Webster,,,,,,899,Pop
2024,98,Heart Break,Heart Break,Lady A,,,,,,900,Country
2024,99,Only Just A Call Away,Everybody Wants,The Struts,,,,,,901,Pop
2024,100,QUEEN,Eyes Wide Open,TWICE,,,,,,902,Kpop